"Ad name","Delivery status","Delivery level","Attribution setting","Result type",Results,Reach,Frequency,"Cost per result","Amount spent (USD)","Quality ranking","Engagement rate ranking","Conversion rate ranking",Impressions,"CPM (cost per 1,000 impressions)","Link clicks","Shop clicks","CPC (cost per link click)","CTR (link click-through rate)","Clicks (all)","CTR (all)","CPC (all)","Landing page views","Cost per landing page view","hold rate","hook rate","LPV rate","Reporting starts","Reporting ends"
,,,,mixed,,3078159,11.64059426,,42888.07,0,0,0,35831600,1.19693427,1031527,0,0.04157726,2.87881925,1951728,5.44694627,0.02197441,749179,0.05724676,0.31902802,0.27283688,0.72628152,2025-06-25,2026-05-23
"guava cbo add 2",not_delivering,ad,"7-day click or 1-day view","Website purchases",1145,1195570,2.12658983,1.81275109,2075.6,Average,"Above average",Average,2542487,0.81636602,94857,0,0.02188136,3.73087453,186083,7.31893614,0.01115416,67042,0.0309597,0.44551461,0.42384091,0.70676914,2025-06-25,2026-05-23
"lanj add 1",not_delivering,ad,"7-day click or 1-day view","Website purchases",611,538868,2.40810365,2.68031097,1637.67,-,-,-,1297650,1.26202751,31453,0,0.05206721,2.4238431,63926,4.92628983,0.02561821,22380,0.0731756,0.30183028,0.31620237,0.71153785,2025-06-25,2026-05-23
"njass ad 2",not_delivering,ad,"7-day click or 1-day view","Website purchases",730,483935,2.40159526,2.19106849,1599.48,Average,"Above average",Average,1162216,1.37623299,36795,0,0.04347004,3.16593473,66420,5.71494455,0.0240813,27127,0.05896266,0.28779915,0.32562019,0.73724691,2025-06-25,2026-05-23
"Bougainvillier ad 1",not_delivering,ad,"7-day click or 1-day view","Website purchases",689,877060,2.23644106,2.23648766,1540.94,Average,"Above average","Above average",1961493,0.78559546,38617,0,0.03990315,1.96875543,75873,3.86812494,0.02030946,28478,0.05410984,0.28995601,0.22947826,0.73744724,2025-06-25,2026-05-23
"fell w yassmine add 1",not_delivering,ad,"7-day click or 1-day view","Website purchases",611,360137,2.28471943,2.16702128,1324.05,-,-,-,822812,1.60917682,29381,0,0.04506484,3.57080354,51719,6.28563998,0.02560084,22899,0.0578213,0.28176042,0.28252748,0.77938123,2025-06-25,2026-05-23
"شجرة حب الملوك2 image",not_delivering,ad,"7-day click or 1-day view","Website purchases",555,621008,2.4681711,2.16578378,1202.01,"Above average","Above average","Above average",1532754,0.78421586,29609,0,0.0405961,1.93175161,51046,3.33034525,0.02354758,20072,0.05988491,,0,0.67790199,2025-06-25,2026-05-23
"3neb add 2",not_delivering,ad,"7-day click or 1-day view","Website purchases",466,656703,1.7925531,2.19214592,1021.54,Average,"Above average",Average,1177175,0.86778941,27944,0,0.03655668,2.37381868,50331,4.275575,0.02029644,20501,0.04982879,0.28496323,0.35935439,0.73364586,2025-06-25,2026-05-23
"papaya  nouvelle add  1 ba3d l hachwa",not_delivering,ad,"7-day click or 1-day view","Website purchases",674,476453,2.33894424,1.50721068,1015.86,"Above average","Above average",Average,1114397,0.91157819,24525,0,0.04142141,2.20074175,50753,4.55430156,0.02001576,17699,0.05739646,0.27185083,0.23139151,0.72167176,2025-06-25,2026-05-23
"شجرة حب الملوك2",not_delivering,ad,"7-day click or 1-day view","Website purchases",409,274124,1.80810509,2.43643032,996.5,Average,"Above average","Above average",495645,2.01051156,16266,0,0.06126276,3.28178434,31003,6.25508176,0.03214205,12632,0.07888695,0.25699718,0.443973,0.7765892,2025-06-25,2026-05-23
"Bougainvillier ad 1",not_delivering,ad,"7-day click or 1-day view","Website purchases",481,576437,1.88054549,2.03351351,978.12,Average,"Above average","Above average",1084016,0.9023114,23469,0,0.04167711,2.16500494,44283,4.0850873,0.02208793,17642,0.05544269,0.29186867,0.22890714,0.75171503,2025-06-25,2026-05-23
"Bougainvillier ad 1",not_delivering,ad,"7-day click or 1-day view","Website purchases",340,579677,1.68509015,2.47641176,841.98,Average,"Above average","Above average",976808,0.86197083,20815,0,0.04045064,2.1309203,41507,4.24924857,0.02028525,15302,0.05502418,0.28488466,0.23516085,0.73514293,2025-06-25,2026-05-23
"papaya  nouvelle add  1 ba3d l hachwa",not_delivering,ad,"7-day click or 1-day view","Website purchases",570,465428,1.99572007,1.44250877,822.23,"Above average","Above average",Average,928864,0.88519956,19841,0,0.04144096,2.13605006,42367,4.56116288,0.01940732,14011,0.0586846,0.26802509,0.23295014,0.706164,2025-06-25,2026-05-23
"papaya nouvelle add 2 ba3d l hachwa  l kbira",not_delivering,ad,"7-day click or 1-day view","Website purchases",502,428896,1.59860199,1.63515936,820.85,Average,"Above average",Average,685634,1.19721309,22311,0,0.03679127,3.2540685,48628,7.09241374,0.01688019,16339,0.05023869,0.40481822,0.45072881,0.73232934,2025-06-25,2026-05-23
"شجرة حب الملوك2 image",not_delivering,ad,"7-day click or 1-day view","Website purchases",323,497166,2.0274878,2.51068111,810.95,"Above average","Above average","Above average",1007998,0.80451549,23052,0,0.03517916,2.2869093,39592,3.92778557,0.02048267,15841,0.05119311,0,5.95E-6,0.68718549,2025-06-25,2026-05-23
"Bougainvillier ad 2",not_delivering,ad,"7-day click or 1-day view","Website purchases",301,319977,2.27990762,2.67710963,805.81,Average,"Above average","Above average",729518,1.10457864,17172,0,0.04692581,2.35388297,33706,4.62031095,0.02390702,12500,0.0644648,0.25083967,0.21426613,0.72792919,2025-06-25,2026-05-23
"njass ad 2 scale 1 20",not_delivering,ad,"7-day click or 1-day view","Website purchases",308,307253,1.90140698,2.52435065,777.5,-,-,-,584213,1.33085022,17077,0,0.04552907,2.92307771,30782,5.26896868,0.02525827,12521,0.06209568,0.27842254,0.32609511,0.73320841,2025-06-25,2026-05-23
"Carrisca add 1",not_delivering,ad,"7-day click or 1-day view","Website purchases",281,205746,1.8802261,2.73672598,769.02,Average,"Above average",Average,386849,1.98790743,16726,0,0.04597752,4.32365083,29423,7.60581002,0.0261367,12028,0.06393582,0.34081971,0.36612477,0.71911993,2025-06-25,2026-05-23
"papaya nouvelle add 2 ba3d l hachwa  l kbira",not_delivering,ad,"7-day click or 1-day view","Website purchases",387,563961,1.50896605,1.9329199,748.04,Average,"Above average",Average,850998,0.87901499,24567,0,0.03044898,2.8868458,59222,6.95912329,0.01263112,17378,0.04304523,0.39954438,0.45701988,0.70737168,2025-06-25,2026-05-23
"lanj add 3",not_delivering,ad,"7-day click or 1-day view","Website purchases",279,277015,2.09157988,2.59322581,723.51,Average,"Above average",Average,579399,1.24872497,16889,0,0.04283913,2.91491701,31739,5.47791764,0.02279561,11401,0.06346022,0.30579998,0.33030778,0.67505477,2025-06-25,2026-05-23
"شجرة حب الملوك2",not_delivering,ad,"7-day click or 1-day view","Website purchases",209,285283,1.44657761,3.42535885,715.9,-,-,-,412684,1.73474135,15120,0,0.04734788,3.66382026,29205,7.0768433,0.02451293,10833,0.06608511,0.27082494,0.46921616,0.71646825,2025-06-25,2026-05-23
"3neb add 3",active,ad,"7-day click or 1-day view","Website purchases",345,239256,1.92996205,1.97950725,682.93,Average,"Above average",Average,461755,1.47898777,18269,0,0.0373819,3.95642711,30592,6.62515836,0.02232381,12953,0.05272369,0.3099396,0.28287512,0.70901527,2025-06-25,2026-05-23
"njass add 1",not_delivering,ad,"7-day click or 1-day view","Website purchases",330,155384,2.15500309,2.05721212,678.88,-,-,-,334853,2.0273971,18134,0,0.03743686,5.41551069,28238,8.43295416,0.02404136,13371,0.05077257,0.28864105,0.26777422,0.73734422,2025-06-25,2026-05-23
"3neb add",not_delivering,ad,"7-day click or 1-day view","Website purchases",236,189270,3.28082633,2.86877119,677.03,-,-,-,620962,1.09029216,14803,0,0.045736,2.38388178,25276,4.07045842,0.02678549,10359,0.06535669,0.1,1.61E-5,0.69979058,2025-06-25,2026-05-23
"3neb add 2",not_delivering,ad,"7-day click or 1-day view","Website purchases",294,187672,2.37931604,2.23227891,656.29,Average,"Above average",Average,446531,1.46975238,13507,0,0.04858888,3.02487397,23588,5.28249998,0.02782305,10164,0.06457005,0.28843922,0.29140418,0.7524987,2025-06-25,2026-05-23
"lanj add 4 image",not_delivering,ad,"7-day click or 1-day view","Website purchases",311,205282,2.62153038,2.09530547,651.64,-,-,-,538153,1.21088241,10737,0,0.06069107,1.99515751,23770,4.41695949,0.02741439,7703,0.08459561,0.11111111,5.017E-5,0.71742572,2025-06-25,2026-05-23
"fell w yassmine add 4",inactive,ad,"7-day click or 1-day view","Website purchases",230,213888,1.81899405,2.82347826,649.4,-,-,-,389061,1.669147,13227,0,0.04909654,3.39972395,24173,6.21316452,0.02686468,9965,0.06516809,0.28878424,0.28490134,0.75338323,2025-06-25,2026-05-23
"lanj add 2",not_delivering,ad,"7-day click or 1-day view","Website purchases",303,319202,1.81179316,2.13867987,648.02,Average,"Above average",Average,578328,1.12050601,17813,0,0.03637905,3.08008604,37508,6.48559295,0.01727685,12355,0.05245002,0.28254618,0.32287387,0.69359457,2025-06-25,2026-05-23
"gardinia ad 1",not_delivering,ad,"7-day click or 1-day view","Website purchases",329,195331,2.08344298,1.94264438,639.13,Average,"Above average","Above average",406961,1.57049447,12850,0,0.04973774,3.15755072,21714,5.33564641,0.02943401,10152,0.06295607,0.29987939,0.26280897,0.79003891,2025-06-25,2026-05-23
"3neb add 2",active,ad,"7-day click or 1-day view","Website purchases",359,309811,1.59126371,1.62387187,582.97,Average,"Above average",Average,492991,1.18251652,15386,0,0.03788964,3.12094947,25912,5.25607973,0.02249807,11660,0.04999743,0.30474179,0.36018913,0.7578318,2025-06-25,2026-05-23
"fell w yassmine add 2",not_delivering,ad,"7-day click or 1-day view","Website purchases",182,96691,2.44366073,3.1806044,578.87,-,-,-,236280,2.44993228,12139,0,0.04768679,5.13754867,19090,8.07939733,0.03032321,8555,0.06766452,0.26548486,0.30153631,0.70475327,2025-06-25,2026-05-23
"3neb add 1",active,ad,"7-day click or 1-day view","Website purchases",257,205182,2.00062871,2.21463035,569.16,Average,"Above average","Above average",410493,1.38652791,15198,0,0.03744966,3.70237739,26532,6.46344761,0.02145183,10769,0.0528517,0.29953411,0.21961398,0.70858008,2025-06-25,2026-05-23
"lanj add 6",not_delivering,ad,"7-day click or 1-day view","Website purchases",305,282324,1.70694309,1.84393443,562.4,Average,"Above average","Above average",481911,1.16702047,13200,0,0.04260606,2.73909498,24694,5.12418268,0.02277476,9622,0.05844939,0.33055388,0.25060021,0.72893939,2025-06-25,2026-05-23
"Carrisca add 2",not_delivering,ad,"7-day click or 1-day view","Website purchases",313,159812,2.05042175,1.78485623,558.66,Average,"Above average",Average,327682,1.70488461,13487,0,0.04142211,4.11588064,24958,7.61653066,0.02238401,10113,0.05524177,0.41552972,0.40575314,0.74983317,2025-06-25,2026-05-23
"njass ad 5",not_delivering,ad,"7-day click or 1-day view","Website purchases",364,387106,1.71726607,1.42989011,520.48,Average,"Above average","Above average",664764,0.78295455,13278,0,0.03919867,1.99740058,24126,3.6292579,0.02157341,10513,0.04950823,0.23795737,0.3268062,0.79176081,2025-06-25,2026-05-23
"gardinia ad 1",not_delivering,ad,"7-day click or 1-day view","Website purchases",366,159947,2.15903393,1.3652459,499.68,Average,"Above average","Above average",345331,1.44695958,10175,0,0.0491086,2.94644848,17115,4.95611457,0.02919544,8235,0.0606776,0.30035789,0.24354315,0.80933661,2025-06-25,2026-05-23
"njass ad 4",not_delivering,ad,"7-day click or 1-day view","Website purchases",162,102817,2.52970812,2.99037037,484.44,-,-,-,260097,1.8625359,9268,0,0.05227018,3.563286,21052,8.09390343,0.02301159,6823,0.07100103,0.29393747,0.3326259,0.73618904,2025-06-25,2026-05-23
"lanj add 5",not_delivering,ad,"7-day click or 1-day view","Website purchases",231,202836,1.82446903,2.05341991,474.34,Average,"Above average",Average,370068,1.28176443,11691,0,0.04057309,3.15914913,22171,5.9910611,0.02139461,8232,0.05762148,0.28694283,0.2573446,0.70413138,2025-06-25,2026-05-23
"njass ad 7",not_delivering,ad,"7-day click or 1-day view","Website purchases",195,134771,2.05348332,2.35707692,459.63,Average,"Above average","Above average",276750,1.66081301,9527,0,0.04824499,3.44245709,15630,5.64769648,0.02940691,7410,0.06202834,0.22512183,0.45747787,0.77778944,2025-06-25,2026-05-23
"fell w yassmine add  image 2",not_delivering,ad,"7-day click or 1-day view","Website purchases",158,121902,2.51700546,2.84575949,449.63,-,-,-,306828,1.46541385,7321,0,0.06141647,2.38602735,11183,3.644713,0.04020656,5650,0.07958053,0.03921569,0.00016622,0.77175249,2025-06-25,2026-05-23
"3neb add",active,ad,"7-day click or 1-day view","Website purchases",221,143058,2.79671881,1.96230769,433.67,-,-,-,400093,1.08392299,9568,0,0.04532504,2.39144399,16204,4.05005836,0.02676314,6766,0.06409548,0.33333333,7.5E-6,0.70714883,2025-06-25,2026-05-23
"gardinia ad 2",not_delivering,ad,"7-day click or 1-day view","Website purchases",271,69029,2.31831549,1.57361624,426.45,Average,"Above average","Above average",160031,2.6647962,7861,0,0.05424882,4.91217327,12933,8.0815592,0.03297379,6356,0.06709408,0.33807729,0.35476876,0.80854853,2025-06-25,2026-05-23
"gardinia ad 3",not_delivering,ad,"7-day click or 1-day view","Website purchases",207,100623,1.82874691,2.01545894,417.2,Average,"Above average","Above average",184014,2.2672188,7597,0,0.05491641,4.12849022,13862,7.53312248,0.03009667,6045,0.06901572,0.34462353,0.34896801,0.79570883,2025-06-25,2026-05-23
"avocado add 1",not_delivering,ad,"7-day click or 1-day view","Website purchases",402,268259,1.50615264,1.02793532,413.23,-,-,-,404039,1.0227478,12180,0,0.03392693,3.01456048,23749,5.87789793,0.01739989,9751,0.04237822,0.32946389,0.37311745,0.80057471,2025-06-25,2026-05-23
"avocado add 2",not_delivering,ad,"7-day click or 1-day view","Website purchases",329,186278,1.66118919,1.24884498,410.87,-,-,-,309443,1.3277728,11153,0,0.03683942,3.6042179,18654,6.02825076,0.02202584,9066,0.04531988,0.3174281,0.35664727,0.81287546,2025-06-25,2026-05-23
"gardinia ad 2",not_delivering,ad,"7-day click or 1-day view","Website purchases",168,65900,2.15305008,2.43678571,409.38,"Below average - Bottom 35% of ads","Above average","Above average",141886,2.88527409,6933,0,0.05904803,4.88631718,11310,7.97118814,0.03619629,5466,0.07489572,0.33346742,0.35042217,0.78840329,2025-06-25,2026-05-23
"lanj add 7",not_delivering,ad,"7-day click or 1-day view","Website purchases",175,136583,1.94663318,2.31262857,404.71,Average,"Above average",Average,265877,1.52217003,7193,0,0.05626442,2.70538633,13503,5.07866419,0.02997186,5013,0.0807321,0.2056685,0.31450633,0.69692757,2025-06-25,2026-05-23
"gardinia ad 3",not_delivering,ad,"7-day click or 1-day view","Website purchases",229,78061,2.08599685,1.67379913,383.3,Average,"Above average","Above average",162835,2.35391654,7030,0,0.05452347,4.31725366,12614,7.74649185,0.03038687,5736,0.06682357,0.33513071,0.33028526,0.81593172,2025-06-25,2026-05-23
"3neb add 3",not_delivering,ad,"7-day click or 1-day view","Website purchases",165,99619,1.76961222,2.29957576,379.43,Average,Average,Average,176287,2.15234249,7694,0,0.04931505,4.36447384,12413,7.04135869,0.03056715,5565,0.06818149,0.34552454,0.24164573,0.72329088,2025-06-25,2026-05-23
"lanj add 2",not_delivering,ad,"7-day click or 1-day view","Website purchases",105,196632,1.58293157,3.51561905,369.14,-,-,-,311255,1.18597292,10082,0,0.03661377,3.23914475,20859,6.70157909,0.01769692,7169,0.05149114,0.28709211,0.33111436,0.71106923,2025-06-25,2026-05-23
"Bougainvillier ad 7",not_delivering,ad,"7-day click or 1-day view","Website purchases",174,187681,1.9041139,2.0758046,361.19,Average,"Above average","Above average",357366,1.01070051,8382,0,0.04309115,2.34549454,17641,4.93639574,0.02047446,6236,0.05792014,0.27455456,0.30404683,0.74397518,2025-06-25,2026-05-23
"3neb add 1",not_delivering,ad,"7-day click or 1-day view","Website purchases",171,170434,1.62902355,2.08725146,356.92,-,-,-,277641,1.285545,10709,0,0.03332898,3.85713926,19335,6.96402909,0.01845979,7813,0.04568284,0.30744183,0.22011879,0.72957326,2025-06-25,2026-05-23
"papaye ads",not_delivering,ad,"7-day click or 1-day view","Messaging conversations started",1040,188660,2.3440687,0.34073077,354.36,Average,Average,"Below average - Bottom 35% of ads",442232,0.80129887,8701,0,0.04072635,1.96751931,24660,5.57625862,0.01436983,23,15.40695652,0.26503464,0.19582482,0.00264337,2025-06-25,2026-05-23
"Carrisca add 2 - Copie",not_delivering,ad,"7-day click or 1-day view","Website purchases",121,170315,1.58613745,2.85818182,345.84,Average,"Above average",Average,270143,1.28021085,7845,0,0.04408413,2.9040175,14394,5.32828909,0.02402668,5411,0.06391425,0.36032766,0.32943293,0.68973869,2025-06-25,2026-05-23
"njass ad 6",not_delivering,ad,"7-day click or 1-day view","Website purchases",124,55740,2.01774309,2.77282258,343.83,Average,"Above average",Average,112469,3.05710907,5303,0,0.06483688,4.71507704,8163,7.25799998,0.04212054,3866,0.08893689,0.24530031,0.3395958,0.72902131,2025-06-25,2026-05-23
"Bougainvillier ad 6",not_delivering,ad,"7-day click or 1-day view","Website purchases",180,92640,2.45656304,1.899,341.82,Average,"Above average","Above average",227576,1.50200373,6884,0,0.04965427,3.02492354,13596,5.97426794,0.02514122,5469,0.06250137,0.28366329,0.26168401,0.7944509,2025-06-25,2026-05-23
"3neb add 1",active,ad,"7-day click or 1-day view","Website purchases",155,91842,1.94902115,2.20129032,341.2,Average,Average,Average,179002,1.90612395,6160,0,0.05538961,3.44130233,10822,6.04574251,0.03152837,4478,0.07619473,0.29738884,0.26058927,0.72694805,2025-06-25,2026-05-23
"avocado add  4",not_delivering,ad,"7-day click or 1-day view","Website purchases",246,278163,1.37251899,1.36939024,336.87,-,-,-,381784,0.88235756,10201,0,0.03302323,2.67192968,20293,5.31530918,0.01660031,7788,0.04325501,0.32293499,0.35290374,0.76345456,2025-06-25,2026-05-23
"avocado add 3",not_delivering,ad,"7-day click or 1-day view","Website purchases",226,154853,2.19606982,1.40982301,318.62,-,-,-,340068,0.93693026,8491,0,0.03752444,2.49685357,21515,6.32667584,0.0148092,6491,0.04908643,0.14285714,2.058E-5,0.76445648,2025-06-25,2026-05-23
"Carrisca add 2 - 5 scale",not_delivering,ad,"7-day click or 1-day view","Website purchases",91,188970,1.23963592,3.25164835,295.9,-,-,-,234254,1.26315879,7351,0,0.04025303,3.13804674,15675,6.69145457,0.01887719,5152,0.05743401,0.37934569,0.37070445,0.70085703,2025-06-25,2026-05-23
"avocado add  5",not_delivering,ad,"7-day click or 1-day view","Website purchases",168,145446,1.40858463,1.66154762,279.14,-,-,-,204873,1.36250262,7435,0,0.03754405,3.62907753,12779,6.23752276,0.02184365,5780,0.04829412,0.30448261,0.3353785,0.77740417,2025-06-25,2026-05-23
"Bougainvillier ad 2",not_delivering,ad,"7-day click or 1-day view","Website purchases",74,133389,1.62685079,3.38743243,250.67,-,-,-,217004,1.15514,5881,0,0.0426237,2.71008829,11761,5.41971577,0.02131366,4205,0.05961237,0.25312221,0.2424241,0.71501445,2025-06-25,2026-05-23
"papaya nv ad 1",not_delivering,ad,"7-day click or 1-day view","Website purchases",81,63691,1.9533058,2.70209877,218.87,Average,"Above average",Average,124408,1.75929201,3911,0,0.05596267,3.14368851,6693,5.37987911,0.03270133,2987,0.07327419,0.35854754,0.30614591,0.76374329,2025-06-25,2026-05-23
"papaya nv ad 3",not_delivering,ad,"7-day click or 1-day view","Website purchases",118,158191,1.44452592,1.84550847,217.77,Average,"Above average",Average,228511,0.9529957,4563,0,0.04772518,1.99684041,8903,3.89609253,0.02446029,3419,0.06369406,0.34880868,0.29607327,0.74928775,2025-06-25,2026-05-23
"papaya  nv ad 4",not_delivering,ad,"7-day click or 1-day view","Website purchases",96,121456,1.4460463,2.20083333,211.28,Average,"Above average","Above average",175631,1.2029767,4326,0,0.04883957,2.4631187,7474,4.25551298,0.02826866,3200,0.066025,0.32640255,0.4282843,0.73971336,2025-06-25,2026-05-23
"Carrisca add 4 nv - Copie",not_delivering,ad,"7-day click or 1-day view","Website purchases",98,92093,1.46150087,2.00091837,196.09,"Below average - Bottom 35% of ads","Above average","Above average",134594,1.45690001,4284,0,0.04577264,3.18290563,7588,5.63769559,0.02584212,3279,0.05980177,0.36810807,0.35858211,0.76540616,2025-06-25,2026-05-23
"Carrisca add 3 nv",not_delivering,ad,"7-day click or 1-day view","Website purchases",80,105157,1.42076134,2.428875,194.31,"Below average - Bottom 35% of ads","Above average",Average,149403,1.30057629,4681,0,0.04151036,3.13313655,9085,6.08086852,0.021388,3288,0.05909672,0.34788812,0.33309907,0.70241401,2025-06-25,2026-05-23
"papaya nv ad 2",not_delivering,ad,"7-day click or 1-day view","Website purchases",61,86371,1.38435354,3.13885246,191.47,Average,"Above average",Average,119568,1.60134819,4274,0,0.04479878,3.57453499,7266,6.07687676,0.0263515,2988,0.06407965,0.311583,0.39503044,0.6991109,2025-06-25,2026-05-23
"papaya web site 2",not_delivering,ad,"7-day click or 1-day view","Website purchases",51,34790,1.59879276,3.27627451,167.09,"Below average - Bottom 35% of ads","Above average",Average,55622,3.00402718,2624,0,0.06367759,4.7175578,4337,7.79727446,0.03852663,1968,0.08490346,0.31739656,0.41627414,0.75,2025-06-25,2026-05-23
"Carrisca add 4 nv",not_delivering,ad,"7-day click or 1-day view","Website purchases",67,47041,1.53070726,2.19671642,147.18,"Below average - Bottom 35% of ads","Above average","Above average",72006,2.04399633,3041,0,0.04839855,4.22325917,5717,7.93961614,0.02574427,2311,0.06368672,0.37331431,0.38927312,0.75994739,2025-06-25,2026-05-23
"Bougainvillier ad 3",not_delivering,ad,"7-day click or 1-day view","Website purchases",45,37815,1.53753801,2.62688889,118.21,-,-,-,58142,2.0331258,1977,0,0.05979262,3.40029583,3627,6.2381755,0.03259167,1612,0.07333127,0.29902565,0.30714458,0.81537683,2025-06-25,2026-05-23
"Bougainvillier ad 4 image",not_delivering,ad,"7-day click or 1-day view","Website purchases",30,37671,1.97722386,3.51266667,105.38,-,-,-,74484,1.41480049,1327,0,0.07941221,1.78159068,2395,3.21545567,0.044,1008,0.10454365,,0,0.75960814,2025-06-25,2026-05-23
"fell w yassmine add image 1",not_delivering,ad,"7-day click or 1-day view","Website purchases",36,29411,1.90959165,2.90277778,104.5,-,-,-,56163,1.86065559,2441,0,0.04281032,4.3462778,5678,10.1098588,0.01840437,1926,0.05425753,0,5.342E-5,0.78902089,2025-06-25,2026-05-23
"fell w yassmine add  nv 2",not_delivering,ad,"7-day click or 1-day view","Website purchases",45,33712,1.40412909,2.232,100.44,-,-,-,47336,2.12185229,1508,0,0.06660477,3.18573601,2784,5.8813588,0.03607759,1135,0.08849339,0.24418316,0.25513351,0.75265252,2025-06-25,2026-05-23
"fell w yassmine add  nv 1",not_delivering,ad,"7-day click or 1-day view","Website purchases",26,45914,1.32789563,3.83769231,99.78,-,-,-,60969,1.6365694,1864,0,0.05353004,3.05729141,3537,5.80130886,0.02821035,1397,0.07142448,0.30688948,0.27973232,0.74946352,2025-06-25,2026-05-23
"شجرة حب الملوك2  nv 1",not_delivering,ad,"7-day click or 1-day view","Website purchases",36,54747,1.31028184,2.70916667,97.53,-,-,-,71734,1.35960632,2564,0,0.03803822,3.57431622,4687,6.53386121,0.02080862,1775,0.05494648,0.35122941,0.33677196,0.69227769,2025-06-25,2026-05-23
"avocado add 1 copie 6",not_delivering,ad,"7-day click or 1-day view","Website purchases",47,89468,1.11969643,2.00893617,94.42,-,-,-,100177,0.94253172,2883,0,0.03275061,2.87790611,5622,5.61206664,0.01679473,2085,0.04528537,0.32120659,0.35012029,0.72320499,2025-06-25,2026-05-23
"Bougainvillier ad 5",not_delivering,ad,"7-day click or 1-day view","Website purchases",33,33304,1.56107374,2.67272727,88.2,-,-,-,51990,1.69648009,1550,0,0.05690323,2.98134257,3085,5.93383343,0.02858995,1174,0.07512777,0.31779396,0.27726486,0.75741935,2025-06-25,2026-05-23
"Carrisca add 6 nv",not_delivering,ad,"7-day click or 1-day view","Website purchases",24,44504,1.27024537,3.30333333,79.28,-,-,-,56531,1.40241637,1521,0,0.0521236,2.69055916,3069,5.42887973,0.02583252,1046,0.0757935,0.35875567,0.32355699,0.68770546,2025-06-25,2026-05-23
"lanj add 1",not_delivering,ad,"7-day click or 1-day view","Website purchases",22,45566,1.21013475,3.35363636,73.78,-,-,-,55141,1.33802434,1235,0,0.05974089,2.23971274,2614,4.74057416,0.02822494,866,0.0851963,0.28117994,0.30739377,0.70121457,2025-06-25,2026-05-23
"fell w yassmine add  nv 3",not_delivering,ad,"7-day click or 1-day view","Website purchases",5,18931,1.23796947,7.742,38.71,-,-,-,23436,1.65173238,613,0,0.06314845,2.61563407,1138,4.85577744,0.03401582,486,0.07965021,0.24118477,0.27227343,0.79282219,2025-06-25,2026-05-23
"fell w yassmine add  nv 4",not_delivering,ad,"7-day click or 1-day view","Website purchases",6,14906,1.21266604,5.99,35.94,-,-,-,18076,1.98827174,693,0,0.05186147,3.83381279,1130,6.25138305,0.03180531,482,0.07456432,0.22912743,0.26438371,0.6955267,2025-06-25,2026-05-23
"njass add 1",not_delivering,ad,"7-day click or 1-day view","Website purchases",9,12508,1.13431404,3.24777778,29.23,-,-,-,14188,2.06019171,904,0,0.03233407,6.37158162,1228,8.65520158,0.02380293,651,0.04490015,0.27470793,0.2232168,0.72013274,2025-06-25,2026-05-23
"njass add 3",not_delivering,ad,"7-day click or 1-day view","Website purchases",8,7962,1.48141171,2.51125,20.09,-,-,-,11795,1.70326409,1013,0,0.01983218,8.58838491,1226,10.39423485,0.01638662,779,0.02578947,,0,0.76900296,2025-06-25,2026-05-23
"njass ad 8",not_delivering,ad,"7-day click or 1-day view","Website purchases",5,5161,1.2453013,3.288,16.44,"Below average - Bottom 35% of ads","Above average","Above average",6427,2.55795861,265,0,0.06203774,4.12323012,388,6.03703127,0.04237113,211,0.07791469,0.28197552,0.36860121,0.79622642,2025-06-25,2026-05-23
"Bougainvillier video 3",not_delivering,ad,"7-day click or 1-day view","Website purchases",2,15391,1.10285232,5.86,11.72,"Below average - Bottom 35% of ads","Above average",Average,16974,0.69046777,205,0,0.05717073,1.20772947,564,3.32272888,0.02078014,134,0.08746269,0.24973679,0.27978084,0.65365854,2025-06-25,2026-05-23
"Bougainvillier video 2",not_delivering,ad,"7-day click or 1-day view","Website purchases",1,2494,1.13231756,3.44,3.44,Average,"Above average",Average,2824,1.21813031,69,0,0.04985507,2.44334278,116,4.10764873,0.02965517,53,0.06490566,0.2950495,0.17882436,0.76811594,2025-06-25,2026-05-23
"Bougainvillier video 1",not_delivering,ad,"7-day click or 1-day view",,,1316,1.04635258,,1.05,Average,"Above average",Average,1377,0.76252723,41,0,0.02560976,2.97748729,69,5.01089325,0.01521739,27,0.03888889,0.22026432,0.16485113,0.65853659,2025-06-25,2026-05-23
"Nouvelle publicité de Ventes",inactive,ad,"7-day click or 1-day view",,,493,1.03853955,,0.99,-,-,-,512,1.93359375,19,0,0.05210526,3.7109375,43,8.3984375,0.02302326,15,0.066,0.26153846,0.38085938,0.78947368,2025-06-25,2026-05-23
