"Campaign name","Delivery status","Delivery level","Attribution setting","Result type",Results,Reach,Frequency,"Cost per result","Amount spent (USD)","Quality ranking","Engagement rate ranking","Conversion rate ranking",Impressions,"CPM (cost per 1,000 impressions)","Link clicks","Shop clicks","CPC (cost per link click)","CTR (link click-through rate)","Clicks (all)","CTR (all)","CPC (all)","Landing page views","Cost per landing page view","LPV rate","hold rate","hook rate","Purchases rate per landing page views","Reporting starts","Reporting ends"
"RED ONE CAMPAGNE",active,campaign,"Multiple attribution settings","Website purchases",3841,2264798,3.17909279,2.18747722,8402.1,-,-,-,7200003,1.16695785,235717,0,0.03564486,3.27384586,405094,5.62630321,0.02074111,163269,0.0514617,0.69264839,0.25959587,0.40280969,2.35317176,2025-06-25,2026-05-23
3neb,active,campaign,"7-day click or 1-day view","Website purchases",2669,962082,4.82337784,2.13479206,5697.76,-,-,-,4640485,1.22783718,139160,0,0.04094395,2.99882448,240878,5.19079363,0.02365413,100977,0.05642631,0.72561799,0.29682695,0.2373392,2.64317617,2025-06-25,2026-05-23
lanj,inactive,campaign,"7-day click or 1-day view","Website purchases",2342,1002311,4.46744873,2.3677199,5545.2,-,-,-,4477773,1.23838346,120293,0,0.04609745,2.68644704,240783,5.37729358,0.02302987,84741,0.06543704,0.70445496,0.29296862,0.26979595,2.76371532,2025-06-25,2026-05-23
Bougainvillier,inactive,campaign,"7-day click or 1-day view","Website purchases",2350,1355192,4.24999557,2.31851915,5448.52,-,-,-,5759560,0.94599587,126389,0,0.04310913,2.1944211,248222,4.30973894,0.02195019,93840,0.05806181,0.74246968,0.28218733,0.2331501,2.50426257,2025-06-25,2026-05-23
"Brown Turkey Fig",inactive,campaign,"Multiple attribution settings","Website purchases",3868,1486152,4.21279115,1.38650465,5363,-,-,-,6260848,0.85659323,201226,0,0.02665163,3.21403746,392381,6.26721811,0.01366784,143766,0.03730367,0.71445042,0.29927747,0.3657217,2.69117872,2025-06-25,2026-05-23
"njass campagne 1 abo",inactive,campaign,"7-day click or 1-day view","Website purchases",2235,829761,4.13103532,2.20581655,4930,-,-,-,3427772,1.43825202,111564,0,0.04418988,3.25470889,197253,5.75455427,0.02499328,83272,0.05920357,0.74640565,0.26871078,0.33045255,2.68397541,2025-06-25,2026-05-23
الريحان,inactive,campaign,"Multiple attribution settings",actions:purchase,3194,1018280,3.91986192,1.48220726,4734.17,-,-,-,3991517,1.18605783,123902,0,0.03820899,3.10413309,240755,6.03166666,0.01966385,89477,0.05290935,0.72215945,0.39104111,0.24595937,3.56963242,2025-06-25,2026-05-23
"papaya  nouvelle campagne ba3d l hachwa",inactive,campaign,"7-day click or 1-day view","Website purchases",2540,1146515,3.73622063,1.73758268,4413.46,-,-,-,4283633,1.03030769,110942,0,0.03978169,2.58990441,235643,5.50100814,0.01872943,79989,0.05517584,0.72099836,0.34594032,0.33232282,3.17543662,2025-06-25,2026-05-23
"compost nv abo",active,campaign,"Multiple attribution settings","Website purchases",983,728863,3.78568263,4.40753815,4332.61,-,-,-,2759244,1.57021633,94510,0,0.04584287,3.42521357,173655,6.29357172,0.02494953,60990,0.07103804,0.64532854,0.29468596,0.33982098,1.61173963,2025-06-25,2026-05-23
"الرمان التستوري",inactive,campaign,"Multiple attribution settings","Website purchases",1638,634426,3.14705104,2.56072039,4194.46,-,-,-,1996571,2.10083188,90983,0,0.04610158,4.55696291,161129,8.07028651,0.02603169,65381,0.06415411,0.71860677,0.31955342,0.34184359,2.505315,2025-06-25,2026-05-23
"القارس 4 saisons",inactive,campaign,"Multiple attribution settings","Website purchases",1579,848058,4.11810631,2.44674478,3863.41,-,-,-,3492393,1.10623575,103095,0,0.03747427,2.95198736,183016,5.24041825,0.02110968,76834,0.05028256,0.74527378,0.30069544,0.2350586,2.05507978,2025-06-25,2026-05-23
"شجرة حب الملوك 2",inactive,campaign,"7-day click or 1-day view","Website purchases",1532,1042249,3.37809391,2.49535901,3822.89,-,-,-,3520815,1.0857969,86611,0,0.04413862,2.45997021,155533,4.41752833,0.02457929,61153,0.06251353,0.70606505,0.268308,0.12436183,2.5051919,2025-06-25,2026-05-23
"fell  w yassmine",inactive,campaign,"7-day click or 1-day view","Website purchases",1299,551167,3.5587635,2.60377983,3382.31,-,-,-,1961473,1.72437245,69206,0,0.04887307,3.52826677,120475,6.14206772,0.02807479,52510,0.06441268,0.75874924,0.27970837,0.232019,2.47381451,2025-06-25,2026-05-23
Gardinia,inactive,campaign,"7-day click or 1-day view","Website purchases",1570,344004,4.07279567,1.7676051,2775.14,-,-,-,1401058,1.98074598,52446,0,0.05291424,3.74331398,89548,6.3914556,0.03099053,41990,0.0660905,0.80063303,0.32069056,0.29659514,3.73898547,2025-06-25,2026-05-23
Carrisca,inactive,campaign,"7-day click or 1-day view","Website purchases",1075,530015,3.07814307,2.40584186,2586.28,-,-,-,1631462,1.58525298,58936,0,0.04388286,3.61246538,109909,6.73684094,0.0235311,42628,0.06067092,0.72329306,0.3709531,0.36456626,2.52181665,2025-06-25,2026-05-23
khoukh,inactive,campaign,"7-day click or 1-day view","Website purchases",809,987793,3.2314493,2.83546354,2293.89,-,-,-,3192003,0.71863654,57988,0,0.03955801,1.81666496,150150,4.70394295,0.01527732,38345,0.0598224,0.6612575,0.26722327,0.06262651,2.10979267,2025-06-25,2026-05-23
jasmin,inactive,campaign,"7-day click or 1-day view","Website purchases",951,426356,3.04523215,2.31984227,2206.17,-,-,-,1298353,1.69920661,40585,0,0.05435925,3.12588333,74281,5.72117136,0.02970033,30135,0.07320956,0.74251571,0.28737462,0.26275905,3.1557989,2025-06-25,2026-05-23
"guava campagne 2 CBO",inactive,campaign,"7-day click or 1-day view","Website purchases",1145,1195570,2.12658983,1.81275109,2075.6,-,-,-,2542487,0.81636602,94857,0,0.02188136,3.73087453,186083,7.31893614,0.01115416,67042,0.0309597,0.70676914,0.44551461,0.42384091,1.70788461,2025-06-25,2026-05-23
"zidi 2",inactive,campaign,"7-day click or 1-day view","Website purchases",765,851677,2.05403457,2.67054902,2042.97,-,-,-,1749374,1.16782918,58230,0,0.03508449,3.32861927,103384,5.90977115,0.01976099,41778,0.04890062,0.71746522,0.31186915,0.35288223,1.83110728,2025-06-25,2026-05-23
"guava abo nv 1",inactive,campaign,"Multiple attribution settings","Website purchases",850,1139099,1.84129211,2.38165882,2024.41,-,-,-,2097414,0.96519333,85138,0,0.02377798,4.05918908,165677,7.89910814,0.01221902,59800,0.03385301,0.70238906,0.46786374,0.42242161,1.42140468,2025-06-25,2026-05-23
avocado,inactive,campaign,"7-day click or 1-day view","Website purchases",1418,643266,2.70554327,1.30687588,1853.15,-,-,-,1740384,1.06479375,52343,0,0.03540397,3.00755465,102612,5.89594021,0.01805978,40961,0.04524182,0.78254972,0.32102714,0.28708607,3.46182955,2025-06-25,2026-05-23
"RED ONE 1 CBO 60  USDT",inactive,campaign,"7-day click or 1-day view","Website purchases",722,1105352,1.73409375,2.27542936,1642.86,-,-,-,1916784,0.85709188,63565,0,0.02584536,3.31623177,122011,6.36540163,0.01346485,42747,0.03843217,0.67249272,0.29327908,0.39988961,1.68900742,2025-06-25,2026-05-23
kumquat,inactive,campaign,"7-day click or 1-day view","Website purchases",506,299778,3.24850723,3.063083,1549.92,-,-,-,973831,1.59156979,36436,0,0.04253815,3.74151162,63911,6.56284304,0.02425122,26958,0.05749388,0.73987265,0.35281227,0.27458563,1.87699384,2025-06-25,2026-05-23
"شجرة حب الملوك",inactive,campaign,"Multiple attribution settings","Website purchases",611,377965,2.11444975,2.46152209,1503.99,-,-,-,799188,1.88189763,26134,0,0.05754917,3.27006912,52427,6.56003343,0.02868732,19283,0.07799564,0.73785108,0.30511947,0.33531159,3.1685941,2025-06-25,2026-05-23
madalina,inactive,campaign,"7-day click or 1-day view","Website purchases",503,389528,2.21144821,2.92395626,1470.75,-,-,-,861421,1.70735332,30428,0,0.04833541,3.53230302,52760,6.12476362,0.02787623,22140,0.06642954,0.7276193,0.24624565,0.37584178,2.27190605,2025-06-25,2026-05-23
zouza,inactive,campaign,"7-day click or 1-day view","Website purchases",627,531477,2.47530185,2.31334928,1450.47,-,-,-,1315566,1.10254446,39172,0,0.03702823,2.97757771,71371,5.4251174,0.02032296,28630,0.05066259,0.7308792,0.31887549,0.45411253,2.19001048,2025-06-25,2026-05-23
"RAYHAN  CBO",inactive,campaign,"7-day click or 1-day view","Website purchases",593,766981,1.92224318,2.32870152,1380.92,-,-,-,1474324,0.93664622,40882,0,0.03377819,2.77293187,78171,5.30215882,0.01766537,28741,0.04804704,0.70302334,0.34745495,0.28541691,2.06325458,2025-06-25,2026-05-23
"شجرة البوصاع  2",inactive,campaign,"Multiple attribution settings","Website purchases",384,266834,3.07668813,3.20552083,1230.92,-,-,-,820965,1.49935746,32567,0,0.03779654,3.96691698,51204,6.2370503,0.02403953,24105,0.05106492,0.74016643,0.3245908,0.29700048,1.59303049,2025-06-25,2026-05-23
ward,inactive,campaign,"7-day click or 1-day view","Website purchases",345,220497,3.22384432,3.44205797,1187.51,-,-,-,710848,1.67055404,25642,0,0.04631113,3.60724093,46070,6.48099172,0.02577621,20052,0.05922152,0.78199828,0.29548775,0.1627113,1.72052663,2025-06-25,2026-05-23
guava,inactive,campaign,"7-day click or 1-day view","Website purchases",592,387936,2.12946723,1.9808277,1172.65,-,-,-,826097,1.41950643,45041,0,0.02603517,5.45226529,71928,8.70696783,0.01630311,27170,0.04315974,0.60322817,0.42612266,0.42307986,2.17887376,2025-06-25,2026-05-23
"papaye web site",archived,campaign,"7-day click, 1-day view, or 1-day engaged-view",actions:purchase,2819,356006,3.55018455,0.39652714,1117.81,-,-,-,1263887,0.88442242,55583,0,0.02011065,4.3977824,114214,9.03672559,0.00978698,43178,0.02588842,0.77682025,0.42366071,0.42786262,6.52878781,2025-06-25,2026-05-23
9astel,inactive,campaign,"7-day click or 1-day view","Website purchases",227,229744,2.56613448,4.03145374,915.14,-,-,-,589554,1.55225815,29930,0,0.03057601,5.07671901,50857,8.62635145,0.01799438,21808,0.0419635,0.72863348,0.31540853,0.45345973,1.04090242,2025-06-25,2026-05-23
"papaya CBO 1",inactive,campaign,"7-day click or 1-day view","Website purchases",686,648611,1.8760536,1.12301749,770.39,-,-,-,1216829,0.63311279,33697,0,0.02286227,2.76924695,73501,6.04037215,0.01048135,23954,0.03216123,0.71086447,0.34636966,0.33904928,2.86382233,2025-06-25,2026-05-23
"lanj CBO",inactive,campaign,"7-day click or 1-day view","Website purchases",324,336799,1.79732422,2.23608025,724.49,-,-,-,605337,1.19683746,18191,0,0.03982684,3.00510294,36468,6.02441285,0.01986646,12765,0.05675597,0.70172063,0.28720457,0.31243753,2.53819036,2025-06-25,2026-05-23
rand,inactive,campaign,"Multiple attribution settings","Website purchases",286,204994,1.84699064,2.1901049,626.37,-,-,-,378622,1.65434127,15847,0,0.03952609,4.18544089,39798,10.5112751,0.01573873,11851,0.05285377,0.74783871,0.34373393,0.43136426,2.41329846,2025-06-25,2026-05-23
"ROMMAN CBO 1",inactive,campaign,"7-day click or 1-day view","Website purchases",196,436173,1.458458,3.03637755,595.13,-,-,-,636140,0.93553306,19793,0,0.0300677,3.11142201,40462,6.36054956,0.01470837,13156,0.04523639,0.66467943,0.2799511,0.33818656,1.48981453,2025-06-25,2026-05-23
"fruit dragon",inactive,campaign,"Multiple attribution settings","Website purchases",433,193600,2.00795455,1.29080831,558.92,-,-,-,388740,1.43777332,21855,0,0.02557401,5.62200957,33349,8.57874158,0.01675972,16490,0.03389448,0.75451842,0.32454974,0.36364151,2.62583384,2025-06-25,2026-05-23
3wina,inactive,campaign,"7-day click or 1-day view","Website purchases",173,365735,1.91711212,3.19323699,552.43,-,-,-,701155,0.7878857,15601,0,0.03540991,2.22504296,35384,5.04653037,0.01561242,9891,0.05585178,0.63399782,0.22200354,0.22101532,1.74906481,2025-06-25,2026-05-23
krima,inactive,campaign,"7-day click or 1-day view","Website purchases",150,174082,2.15317494,3.5326,529.89,-,-,-,374829,1.41368464,12485,0,0.04244213,3.3308522,21937,5.85253542,0.02415508,9375,0.0565216,0.75090108,0.32214453,0.22930189,1.6,2025-06-25,2026-05-23
"carrissa CBO",inactive,campaign,"7-day click or 1-day view","Website purchases",201,192464,1.87746799,2.52542289,507.61,-,-,-,361345,1.40477937,11786,0,0.0430689,3.2617028,22652,6.26880128,0.02240906,8558,0.05931409,0.72611573,0.38424396,0.37426006,2.3486796,2025-06-25,2026-05-23
"papaya web site 2",inactive,campaign,"7-day click or 1-day view","Website purchases",405,164974,2.01135937,1.13661728,460.33,-,-,-,331822,1.38727993,21597,0,0.02131453,6.50861004,33055,9.96166619,0.01392618,16137,0.02852637,0.74718711,0.36011283,0.32050316,2.50976018,2025-06-25,2026-05-23
"compost cmg 2 cbo",inactive,campaign,"7-day click or 1-day view","Website purchases",127,296513,1.69611788,3.61464567,459.06,-,-,-,502921,0.9127875,15151,0,0.03029899,3.01260039,29571,5.87984992,0.01552399,10571,0.04342636,0.69770972,0.2875413,0.32976153,1.20140006,2025-06-25,2026-05-23
"fruit de la passion",inactive,campaign,"7-day click or 1-day view","Website purchases",121,113219,2.11618191,3.38876033,410.04,-,-,-,239592,1.7114094,8603,0,0.04766244,3.5906875,14420,6.01856489,0.02843551,6279,0.06530339,0.72986168,0.32714284,0.32250242,1.92705845,2025-06-25,2026-05-23
"Guava CBO scale",inactive,campaign,"7-day click or 1-day view","Website purchases",176,291027,1.40706532,2.24767045,395.59,-,-,-,409494,0.9660459,17329,0,0.02282821,4.23180804,27512,6.71853556,0.01437882,12152,0.03255349,0.70125224,0.39008123,0.41337602,1.44832126,2025-06-25,2026-05-23
"toffeh Anna",active,campaign,"7-day click, 1-day view, or 1-day engaged-view","Website purchases",153,125320,2.18487871,2.50464052,383.21,-,-,-,273809,1.39955224,6538,0,0.05861273,2.38779587,13552,4.94943556,0.02827701,4625,0.08285622,0.70740288,0.23962236,0.31295173,3.30810811,2025-06-25,2026-05-23
papaye,inactive,campaign,"7-day click or 1-day view","Messaging conversations started",1040,188660,2.3440687,0.34073077,354.36,-,-,-,442232,0.80129887,8701,0,0.04072635,1.96751931,24660,5.57625862,0.01436983,23,15.40695652,0.00264337,0.26503464,0.19582482,0,2025-06-25,2026-05-23
POLYGALA,inactive,campaign,"7-day click or 1-day view","Website purchases",136,69259,2.5780765,2.57485294,350.18,-,-,-,178555,1.96118843,7154,0,0.04894884,4.00660861,12426,6.95920025,0.02818123,5567,0.06290282,0.77816606,0.30651432,0.3543782,2.44296749,2025-06-25,2026-05-23
tronjiya,inactive,campaign,"7-day click or 1-day view","Website purchases",121,116170,1.85833692,2.23785124,270.78,-,-,-,215883,1.25429052,5089,0,0.05320888,2.35729539,7221,3.34486736,0.03749896,4018,0.06739174,0.78954608,0.26003595,0.02319312,3.01144848,2025-06-25,2026-05-23
"Red One image",inactive,campaign,"7-day click or 1-day view","Website purchases",160,121700,1.80862777,1.433125,229.3,-,-,-,220110,1.04175185,6145,0,0.03731489,2.79178593,12631,5.73849439,0.01815375,4302,0.05330079,0.70008137,0.75,1.817E-5,3.71920037,2025-06-25,2026-05-23
"شجرة القشطة",inactive,campaign,"7-day click or 1-day view","Website purchases",65,54268,1.98581116,3.42876923,222.87,-,-,-,107766,2.06809198,5616,0,0.03968483,5.21129113,9018,8.36813095,0.02471391,4039,0.0551795,0.71919516,0.34764547,0.34622237,1.60930923,2025-06-25,2026-05-23
"tout test cmp 1",inactive,campaign,"7-day click or 1-day view","Website purchases",64,90605,1.76286077,3.44484375,220.47,-,-,-,159724,1.38031855,5007,0,0.04403235,3.1347825,8118,5.08251734,0.02715817,3588,0.06144649,0.71659676,0.31322448,0.17445719,1.78372352,2025-06-25,2026-05-23
calamondin,inactive,campaign,"7-day click or 1-day view","Website purchases",74,66852,1.92357745,2.86337838,211.89,-,-,-,128595,1.64773125,3489,0,0.06073087,2.71316925,5765,4.48306699,0.03675455,2763,0.07668838,0.79191745,0.34372294,0.12574361,2.67824828,2025-06-25,2026-05-23
golden,inactive,campaign,"7-day click or 1-day view","Website purchases",81,64846,1.80887025,2.51024691,203.33,-,-,-,117298,1.73344814,3769,0,0.053948,3.21318352,6102,5.20213473,0.03332186,2755,0.07380399,0.73096312,0.28666023,0.18539958,2.94010889,2025-06-25,2026-05-23
"Fruit Dragon 2",inactive,campaign,"Multiple attribution settings","Website purchases",171,92991,1.55641944,1.18690058,202.96,-,-,-,144733,1.40230632,6459,0,0.03142282,4.46270028,12648,8.73885016,0.01604681,5127,0.0395865,0.79377613,0.32604142,0.38595897,3.33528379,2025-06-25,2026-05-23
"RAND CBO",inactive,campaign,"7-day click or 1-day view","Website purchases",81,87961,1.45366697,2.27358025,184.16,-,-,-,127866,1.44025777,4771,0,0.03859987,3.7312499,11309,8.84441525,0.01628438,3475,0.05299568,0.72835883,0.30546946,0.40622996,2.33093525,2025-06-25,2026-05-23
boufriwa,inactive,campaign,"7-day click or 1-day view","Website purchases",59,73666,1.74021937,3.10050847,182.93,-,-,-,128195,1.42696673,5590,0,0.03272451,4.36054448,9379,7.31619798,0.01950421,4295,0.04259139,0.76833631,0.36111111,0.32491127,1.37369034,2025-06-25,2026-05-23
"شجرة كرموس دجبة",inactive,campaign,"7-day click or 1-day view","Website purchases",118,67883,1.82490462,1.45711864,171.94,-,-,-,123880,1.38795609,5536,0,0.03105853,4.46884081,9953,8.03438812,0.01727519,4237,0.0405806,0.76535405,0.40412662,0.36032451,2.78498938,2025-06-25,2026-05-23
mechmech,inactive,campaign,"7-day click, 1-day view, or 1-day engaged-view","Website purchases",43,70480,1.44151532,3.24534884,139.55,-,-,-,101598,1.37355066,1878,0,0.07430777,1.84846158,3432,3.37801925,0.04066142,1430,0.09758741,0.76144835,0.21754987,0.39674009,3.00699301,2025-06-25,2026-05-23
guava,active,campaign,"7-day click, 1-day view, or 1-day engaged-view","Website purchases",38,36131,1.91187623,3.14210526,119.4,-,-,-,69078,1.72848085,1521,0,0.07850099,2.20185877,2806,4.06207476,0.04255167,1179,0.10127226,0.77514793,0.29470088,0.21608906,3.2230704,2025-06-25,2026-05-23
"رُمّان ڤَبسي",inactive,campaign,"7-day click or 1-day view","Website purchases",44,61515,1.44532228,2.30840909,101.57,-,-,-,88909,1.14240403,3042,0,0.03338922,3.42147589,5117,5.75532286,0.01984952,2167,0.04687125,0.71236029,,0,2.03045685,2025-06-25,2026-05-23
"3neb nv",inactive,campaign,"7-day click or 1-day view","Website purchases",17,50422,1.30613621,5.70882353,97.05,-,-,-,65858,1.47362507,1848,0,0.05251623,2.80603723,3444,5.22943302,0.02817944,1158,0.08380829,0.62662338,0.2556418,0.29537793,1.46804836,2025-06-25,2026-05-23
"9ronfol chou3ara",inactive,campaign,"7-day click or 1-day view","Website purchases",18,24452,1.97190414,5.06611111,91.19,-,-,-,48217,1.89124168,1903,0,0.04791908,3.94674078,3128,6.48733849,0.02915281,1516,0.06015172,0.79663689,0.31183237,0.15144036,1.18733509,2025-06-25,2026-05-23
"yassmine yabani",active,campaign,"7-day click or 1-day view","Website purchases",53,20863,2.00915496,1.43207547,75.9,-,-,-,41917,1.81072119,1069,0,0.07100094,2.55027793,1731,4.12958943,0.04384749,837,0.090681,0.78297474,0.3350424,0.12097717,6.33213859,2025-06-25,2026-05-23
"moringa 2",inactive,campaign,"7-day click or 1-day view","Website purchases",67,49242,1.46502985,1.07044776,71.72,-,-,-,72141,0.99416421,3568,0,0.0201009,4.94586989,6117,8.47922818,0.0117247,2632,0.02724924,0.73766816,0.35497651,0.35695374,2.54559271,2025-06-25,2026-05-23
"fel w yassmine CBO",inactive,campaign,"7-day click or 1-day view","Website purchases",25,30264,1.16108247,2.8412,71.03,-,-,-,35139,2.02140072,1452,0,0.04891873,4.13216085,2772,7.88867071,0.0256241,1097,0.06474932,0.75550964,0.29973545,0.32271835,2.27894257,2025-06-25,2026-05-23
"الكرموس الزيدي",inactive,campaign,"7-day click or 1-day view","Website purchases",34,31581,1.37893037,1.99735294,67.91,-,-,-,43548,1.55942868,2043,0,0.03324033,4.69137503,4029,9.25186002,0.0168553,1577,0.04306278,0.77190406,0.33298707,0.44210986,2.15599239,2025-06-25,2026-05-23
"9ronfol arbi",inactive,campaign,"7-day click, 1-day view, or 1-day engaged-view","Website purchases",28,16028,1.8009733,2.3675,66.29,-,-,-,28866,2.29647336,1218,0,0.05442529,4.21949699,2152,7.45513753,0.0308039,996,0.06655622,0.81773399,0.31149341,0.18928844,2.81124498,2025-06-25,2026-05-23
"khoukh CBO",inactive,campaign,"7-day click or 1-day view","Website purchases",10,87417,1.08562408,5.725,57.25,-,-,-,94902,0.60325388,1687,0,0.03393598,1.77762323,4694,4.94615498,0.01219642,1083,0.05286242,0.64196799,0.25020353,0.07765906,0.92336103,2025-06-25,2026-05-23
"3neb nv CBO",inactive,campaign,"7-day click or 1-day view","Website purchases",7,50630,1.13320166,7.81285714,54.69,-,-,-,57374,0.95321923,1801,0,0.03036646,3.13905253,3321,5.78833618,0.01646793,956,0.05720711,0.53081621,0.27136167,0.28659323,0.73221757,2025-06-25,2026-05-23
قارس,inactive,campaign,"7-day click or 1-day view","Website purchases",10,37328,1.13555508,4.894,48.94,-,-,-,42388,1.15457205,1730,0,0.02828902,4.08134378,3436,8.10606776,0.01424331,1245,0.03930924,0.71965318,0.35795489,0.38390582,0.80321285,2025-06-25,2026-05-23
thomson,inactive,campaign,"7-day click or 1-day view","Website purchases",14,15935,1.5359272,3.05428571,42.76,-,-,-,24475,1.74708887,974,0,0.04390144,3.97957099,1880,7.68130746,0.02274468,771,0.05546044,0.79158111,0.27010427,0.28604699,1.81582361,2025-06-25,2026-05-23
"red one nv",inactive,campaign,"7-day click or 1-day view","Website purchases",17,27109,1.21181158,2.45294118,41.7,-,-,-,32851,1.26936775,1285,0,0.03245136,3.91160086,2254,6.86128276,0.01850044,848,0.04917453,0.65992218,0.25677635,0.27289885,2.00471698,2025-06-25,2026-05-23
"tofe7 ahmer nv",inactive,campaign,"7-day click or 1-day view","Website purchases",6,18399,1.18332518,6.77166667,40.63,-,-,-,21772,1.86615837,704,0,0.05771307,3.23351093,1202,5.52085247,0.033802,501,0.0810978,0.71164773,0.21271298,0.35045012,1.19760479,2025-06-25,2026-05-23
compost,inactive,campaign,"7-day click or 1-day view","Website purchases",8,21771,1.43750861,5.07125,40.57,-,-,-,31296,1.2963318,1329,0,0.03052671,4.24654908,2638,8.42919223,0.01537908,970,0.04182474,0.72987208,0.31569343,0.3502045,0.82474227,2025-06-25,2026-05-23
"el 9adouma",inactive,campaign,"7-day click or 1-day view","Website purchases",6,21118,1.39852259,6.575,39.45,-,-,-,29534,1.33574863,1602,0,0.02462547,5.42425679,2200,7.44904178,0.01793182,1112,0.03547662,0.69413233,0.31516588,0.3429268,0.53956835,2025-06-25,2026-05-23
"شجرة البوصاع",inactive,campaign,"7-day click or 1-day view","Website purchases",15,36736,1.29916159,2.04533333,30.68,-,-,-,47726,0.64283619,1372,0,0.02236152,2.87474333,3485,7.30209948,0.00880344,937,0.0327428,0.68294461,,0,1.60085379,2025-06-25,2026-05-23
"romman nv",inactive,campaign,"7-day click or 1-day view","Website purchases",3,10625,1.26484706,9.96,29.88,-,-,-,13439,2.22337972,476,0,0.06277311,3.5419302,780,5.80400327,0.03830769,315,0.09485714,0.66176471,0.25669291,0.33075378,0.95238095,2025-06-25,2026-05-23
"rouh el ardh",inactive,campaign,"7-day click or 1-day view","Website purchases",3,15518,1.07668514,7.17333333,21.52,-,-,-,16708,1.28800575,622,0,0.03459807,3.72276754,1197,7.1642327,0.01797828,451,0.04771619,0.72508039,0.28526693,0.40136462,0.66518847,2025-06-25,2026-05-23
grafting,inactive,campaign,"7-day click or 1-day view","Website purchases",8,23361,1.25923548,2.34375,18.75,-,-,-,29417,0.63738655,688,0,0.02725291,2.3387837,905,3.07645239,0.02071823,457,0.04102845,0.66424419,0.28505923,0.26688649,1.75054705,2025-06-25,2026-05-23
feetifix,inactive,campaign,"7-day click or 1-day view","Website purchases",7,21496,1.13942129,2.41285714,16.89,-,-,-,24493,0.68958478,613,0,0.02755302,2.50275589,851,3.47446209,0.01984724,417,0.0405036,0.68026101,0.26271421,0.29543135,1.67865707,2025-06-25,2026-05-23
"carrisa msg Campagne",inactive,campaign,"7-day click or 1-day view","Meta leads",2,11525,1.33127983,4.99,9.98,-,-,-,15343,0.65045949,306,0,0.03261438,1.99439484,616,4.0148602,0.0162013,,,0,0.23631405,0.33454996,0,2025-06-25,2026-05-23
"find back callus",archived,campaign,"7-day click, 1-day view, or 1-day engaged-view",actions:purchase,2,11313,1.05392027,4.05,8.1,-,-,-,11923,0.67935922,170,0,0.04764706,1.42581565,233,1.95420616,0.03476395,114,0.07105263,0.67058824,0.19519833,0.16069781,1.75438596,2025-06-25,2026-05-23
"multifunctional shower",archived,campaign,"7-day click or 1-day view",actions:purchase,2,4718,1.13819415,3.725,7.45,-,-,-,5370,1.38733706,158,0,0.0471519,2.94227188,224,4.17132216,0.03325893,115,0.06478261,0.7278481,0.32563025,0.26592179,1.73913043,2025-06-25,2026-05-23
"tête de mélangeur 1080° test 2",archived,campaign,"7-day click or 1-day view",,,6346,1.05909234,,6.74,-,-,-,6721,1.00282696,263,0,0.02562738,3.91310817,304,4.52313644,0.02217105,169,0.03988166,0.64258555,0.27313677,0.36333879,0,2025-06-25,2026-05-23
HILAC,archived,campaign,"7-day click or 1-day view",,,5751,1.07390019,,6.31,-,-,-,6176,1.02169689,140,0,0.04507143,2.26683938,314,5.08419689,0.02009554,113,0.05584071,0.80714286,0.25362319,0.31282383,0,2025-06-25,2026-05-23
"Red One image - Copie",inactive,campaign,"7-day click or 1-day view","Website purchases",4,11871,1.0075815,1.515,6.06,-,-,-,11961,0.5066466,243,0,0.02493827,2.03160271,623,5.2085946,0.00972713,173,0.0350289,0.71193416,,0,2.31213873,2025-06-25,2026-05-23
"مقص تلقيم و تطعيم الأشجار",inactive,campaign,"7-day click or 1-day view","Website purchases",1,5823,1.15060965,5.64,5.64,-,-,-,6700,0.84179104,179,0,0.03150838,2.67164179,244,3.64179104,0.02311475,122,0.04622951,0.68156425,0.29566626,0.36850746,0.81967213,2025-06-25,2026-05-23
moringa,inactive,campaign,"7-day click or 1-day view","Website purchases",4,3980,1.06482412,1.15,4.6,-,-,-,4238,1.08541765,122,0,0.03770492,2.87871638,264,6.22935347,0.01742424,86,0.05348837,0.70491803,0.30551724,0.34214252,4.65116279,2025-06-25,2026-05-23
"لوحة الكتابة و الرسم الذكية",archived,campaign,"7-day click or 1-day view",,,6255,1.01406875,,4.46,-,-,-,6343,0.70313732,154,0,0.02896104,2.42787325,213,3.35803248,0.02093897,95,0.04694737,0.61688312,0.27375971,0.26375532,0,2025-06-25,2026-05-23
"multifunctional shower",archived,campaign,"7-day click or 1-day view",,,406,1.01724138,,0.64,-,-,-,413,1.5496368,15,0,0.04266667,3.63196126,25,6.05326877,0.0256,6,0.10666667,0.4,0.28244275,0.31719128,0,2025-06-25,2026-05-23
"testing Multifunctional  Shower 1",archived,campaign,"7-day click, 1-day view, or 1-day engaged-view",,,2962,1.01080351,,0.52,-,-,-,2994,0.17368069,10,0,0.052,0.33400134,16,0.53440214,0.0325,6,0.08666667,0.6,,0,0,2025-06-25,2026-05-23
